Name,Role,Discipline,Manager,Team,Status
Person-0,CEO,Leadership,,Executive,Active
Person-1,VP,Leadership,Person-0,VP-Team-1,Active
Person-2,VP,Leadership,Person-0,VP-Team-2,Active
Person-3,VP,Leadership,Person-0,VP-Team-3,Active
Person-4,VP,Leadership,Person-0,VP-Team-4,Active
Person-5,Director,Engineering,Person-1,Dir-Team-0,Active
Person-6,Director,Engineering,Person-2,Dir-Team-1,Active
Person-7,Director,Engineering,Person-3,Dir-Team-2,Active
Person-8,Director,Engineering,Person-4,Dir-Team-3,Active
Person-9,Director,Engineering,Person-1,Dir-Team-4,Active
Person-10,Director,Engineering,Person-2,Dir-Team-0,Active
Person-11,Director,Engineering,Person-3,Dir-Team-1,Active
Person-12,Director,Engineering,Person-4,Dir-Team-2,Active
Person-13,Director,Engineering,Person-1,Dir-Team-3,Active
Person-14,Director,Engineering,Person-2,Dir-Team-4,Active
Person-15,Director,Engineering,Person-3,Dir-Team-0,Active
Person-16,Director,Engineering,Person-4,Dir-Team-1,Active
Person-17,Director,Engineering,Person-1,Dir-Team-2,Active
Person-18,Director,Engineering,Person-2,Dir-Team-3,Active
Person-19,Director,Engineering,Person-3,Dir-Team-4,Active
Person-20,Director,Engineering,Person-4,Dir-Team-0,Active
Person-21,Director,Engineering,Person-1,Dir-Team-1,Active
Person-22,Director,Engineering,Person-2,Dir-Team-2,Active
Person-23,Director,Engineering,Person-3,Dir-Team-3,Active
Person-24,Director,Engineering,Person-4,Dir-Team-4,Active
Person-25,Engineer,Engineering,Person-5,Eng-Team-5,Active
Person-26,Engineer,Engineering,Person-6,Eng-Team-6,Active
Person-27,Engineer,Engineering,Person-7,Eng-Team-7,Active
Person-28,Engineer,Engineering,Person-8,Eng-Team-8,Active
Person-29,Engineer,Engineering,Person-9,Eng-Team-9,Active
Person-30,Engineer,Engineering,Person-10,Eng-Team-0,Active
Person-31,Engineer,Engineering,Person-11,Eng-Team-1,Active
Person-32,Engineer,Engineering,Person-12,Eng-Team-2,Active
Person-33,Engineer,Engineering,Person-13,Eng-Team-3,Active
Person-34,Engineer,Engineering,Person-14,Eng-Team-4,Active
Person-35,Engineer,Engineering,Person-15,Eng-Team-5,Active
Person-36,Engineer,Engineering,Person-16,Eng-Team-6,Active
Person-37,Engineer,Engineering,Person-17,Eng-Team-7,Active
Person-38,Engineer,Engineering,Person-18,Eng-Team-8,Active
Person-39,Engineer,Engineering,Person-19,Eng-Team-9,Active
Person-40,Engineer,Engineering,Person-20,Eng-Team-0,Active
Person-41,Engineer,Engineering,Person-21,Eng-Team-1,Active
Person-42,Engineer,Engineering,Person-22,Eng-Team-2,Active
Person-43,Engineer,Engineering,Person-23,Eng-Team-3,Active
Person-44,Engineer,Engineering,Person-24,Eng-Team-4,Active
Person-45,Engineer,Engineering,Person-5,Eng-Team-5,Active
Person-46,Engineer,Engineering,Person-6,Eng-Team-6,Active
Person-47,Engineer,Engineering,Person-7,Eng-Team-7,Active
Person-48,Engineer,Engineering,Person-8,Eng-Team-8,Active
Person-49,Engineer,Engineering,Person-9,Eng-Team-9,Active
Person-50,Engineer,Engineering,Person-10,Eng-Team-0,Active
Person-51,Engineer,Engineering,Person-11,Eng-Team-1,Active
Person-52,Engineer,Engineering,Person-12,Eng-Team-2,Active
Person-53,Engineer,Engineering,Person-13,Eng-Team-3,Active
Person-54,Engineer,Engineering,Person-14,Eng-Team-4,Active
Person-55,Engineer,Engineering,Person-15,Eng-Team-5,Active
Person-56,Engineer,Engineering,Person-16,Eng-Team-6,Active
Person-57,Engineer,Engineering,Person-17,Eng-Team-7,Active
Person-58,Engineer,Engineering,Person-18,Eng-Team-8,Active
Person-59,Engineer,Engineering,Person-19,Eng-Team-9,Active
Person-60,Engineer,Engineering,Person-20,Eng-Team-0,Active
Person-61,Engineer,Engineering,Person-21,Eng-Team-1,Active
Person-62,Engineer,Engineering,Person-22,Eng-Team-2,Active
Person-63,Engineer,Engineering,Person-23,Eng-Team-3,Active
Person-64,Engineer,Engineering,Person-24,Eng-Team-4,Active
Person-65,Engineer,Engineering,Person-5,Eng-Team-5,Active
Person-66,Engineer,Engineering,Person-6,Eng-Team-6,Active
Person-67,Engineer,Engineering,Person-7,Eng-Team-7,Active
Person-68,Engineer,Engineering,Person-8,Eng-Team-8,Active
Person-69,Engineer,Engineering,Person-9,Eng-Team-9,Active
Person-70,Engineer,Engineering,Person-10,Eng-Team-0,Active
Person-71,Engineer,Engineering,Person-11,Eng-Team-1,Active
Person-72,Engineer,Engineering,Person-12,Eng-Team-2,Active
Person-73,Engineer,Engineering,Person-13,Eng-Team-3,Active
Person-74,Engineer,Engineering,Person-14,Eng-Team-4,Active
Person-75,Engineer,Engineering,Person-15,Eng-Team-5,Active
Person-76,Engineer,Engineering,Person-16,Eng-Team-6,Active
Person-77,Engineer,Engineering,Person-17,Eng-Team-7,Active
Person-78,Engineer,Engineering,Person-18,Eng-Team-8,Active
Person-79,Engineer,Engineering,Person-19,Eng-Team-9,Active
Person-80,Engineer,Engineering,Person-20,Eng-Team-0,Active
Person-81,Engineer,Engineering,Person-21,Eng-Team-1,Active
Person-82,Engineer,Engineering,Person-22,Eng-Team-2,Active
Person-83,Engineer,Engineering,Person-23,Eng-Team-3,Active
Person-84,Engineer,Engineering,Person-24,Eng-Team-4,Active
Person-85,Engineer,Engineering,Person-5,Eng-Team-5,Active
Person-86,Engineer,Engineering,Person-6,Eng-Team-6,Active
Person-87,Engineer,Engineering,Person-7,Eng-Team-7,Active
Person-88,Engineer,Engineering,Person-8,Eng-Team-8,Active
Person-89,Engineer,Engineering,Person-9,Eng-Team-9,Active
Person-90,Engineer,Engineering,Person-10,Eng-Team-0,Active
Person-91,Engineer,Engineering,Person-11,Eng-Team-1,Active
Person-92,Engineer,Engineering,Person-12,Eng-Team-2,Active
Person-93,Engineer,Engineering,Person-13,Eng-Team-3,Active
Person-94,Engineer,Engineering,Person-14,Eng-Team-4,Active
Person-95,Engineer,Engineering,Person-15,Eng-Team-5,Active
Person-96,Engineer,Engineering,Person-16,Eng-Team-6,Active
Person-97,Engineer,Engineering,Person-17,Eng-Team-7,Active
Person-98,Engineer,Engineering,Person-18,Eng-Team-8,Active
Person-99,Engineer,Engineering,Person-19,Eng-Team-9,Active
Person-100,Engineer,Engineering,Person-20,Eng-Team-0,Active
Person-101,Engineer,Engineering,Person-21,Eng-Team-1,Active
Person-102,Engineer,Engineering,Person-22,Eng-Team-2,Active
Person-103,Engineer,Engineering,Person-23,Eng-Team-3,Active
Person-104,Engineer,Engineering,Person-24,Eng-Team-4,Active
Person-105,Engineer,Engineering,Person-5,Eng-Team-5,Active
Person-106,Engineer,Engineering,Person-6,Eng-Team-6,Active
Person-107,Engineer,Engineering,Person-7,Eng-Team-7,Active
Person-108,Engineer,Engineering,Person-8,Eng-Team-8,Active
Person-109,Engineer,Engineering,Person-9,Eng-Team-9,Active
Person-110,Engineer,Engineering,Person-10,Eng-Team-0,Active
Person-111,Engineer,Engineering,Person-11,Eng-Team-1,Active
Person-112,Engineer,Engineering,Person-12,Eng-Team-2,Active
Person-113,Engineer,Engineering,Person-13,Eng-Team-3,Active
Person-114,Engineer,Engineering,Person-14,Eng-Team-4,Active
Person-115,Engineer,Engineering,Person-15,Eng-Team-5,Active
Person-116,Engineer,Engineering,Person-16,Eng-Team-6,Active
Person-117,Engineer,Engineering,Person-17,Eng-Team-7,Active
Person-118,Engineer,Engineering,Person-18,Eng-Team-8,Active
Person-119,Engineer,Engineering,Person-19,Eng-Team-9,Active
Person-120,Engineer,Engineering,Person-20,Eng-Team-0,Active
Person-121,Engineer,Engineering,Person-21,Eng-Team-1,Active
Person-122,Engineer,Engineering,Person-22,Eng-Team-2,Active
Person-123,Engineer,Engineering,Person-23,Eng-Team-3,Active
Person-124,Engineer,Engineering,Person-24,Eng-Team-4,Active
Person-125,Engineer,Engineering,Person-5,Eng-Team-5,Active
Person-126,Engineer,Engineering,Person-6,Eng-Team-6,Active
Person-127,Engineer,Engineering,Person-7,Eng-Team-7,Active
Person-128,Engineer,Engineering,Person-8,Eng-Team-8,Active
Person-129,Engineer,Engineering,Person-9,Eng-Team-9,Active
Person-130,Engineer,Engineering,Person-10,Eng-Team-0,Active
Person-131,Engineer,Engineering,Person-11,Eng-Team-1,Active
Person-132,Engineer,Engineering,Person-12,Eng-Team-2,Active
Person-133,Engineer,Engineering,Person-13,Eng-Team-3,Active
Person-134,Engineer,Engineering,Person-14,Eng-Team-4,Active
Person-135,Engineer,Engineering,Person-15,Eng-Team-5,Active
Person-136,Engineer,Engineering,Person-16,Eng-Team-6,Active
Person-137,Engineer,Engineering,Person-17,Eng-Team-7,Active
Person-138,Engineer,Engineering,Person-18,Eng-Team-8,Active
Person-139,Engineer,Engineering,Person-19,Eng-Team-9,Active
Person-140,Engineer,Engineering,Person-20,Eng-Team-0,Active
Person-141,Engineer,Engineering,Person-21,Eng-Team-1,Active
Person-142,Engineer,Engineering,Person-22,Eng-Team-2,Active
Person-143,Engineer,Engineering,Person-23,Eng-Team-3,Active
Person-144,Engineer,Engineering,Person-24,Eng-Team-4,Active
Person-145,Engineer,Engineering,Person-5,Eng-Team-5,Active
Person-146,Engineer,Engineering,Person-6,Eng-Team-6,Active
Person-147,Engineer,Engineering,Person-7,Eng-Team-7,Active
Person-148,Engineer,Engineering,Person-8,Eng-Team-8,Active
Person-149,Engineer,Engineering,Person-9,Eng-Team-9,Active
Person-150,Engineer,Engineering,Person-10,Eng-Team-0,Active
Person-151,Engineer,Engineering,Person-11,Eng-Team-1,Active
Person-152,Engineer,Engineering,Person-12,Eng-Team-2,Active
Person-153,Engineer,Engineering,Person-13,Eng-Team-3,Active
Person-154,Engineer,Engineering,Person-14,Eng-Team-4,Active
Person-155,Engineer,Engineering,Person-15,Eng-Team-5,Active
Person-156,Engineer,Engineering,Person-16,Eng-Team-6,Active
Person-157,Engineer,Engineering,Person-17,Eng-Team-7,Active
Person-158,Engineer,Engineering,Person-18,Eng-Team-8,Active
Person-159,Engineer,Engineering,Person-19,Eng-Team-9,Active
Person-160,Engineer,Engineering,Person-20,Eng-Team-0,Active
Person-161,Engineer,Engineering,Person-21,Eng-Team-1,Active
Person-162,Engineer,Engineering,Person-22,Eng-Team-2,Active
Person-163,Engineer,Engineering,Person-23,Eng-Team-3,Active
Person-164,Engineer,Engineering,Person-24,Eng-Team-4,Active
Person-165,Engineer,Engineering,Person-5,Eng-Team-5,Active
Person-166,Engineer,Engineering,Person-6,Eng-Team-6,Active
Person-167,Engineer,Engineering,Person-7,Eng-Team-7,Active
Person-168,Engineer,Engineering,Person-8,Eng-Team-8,Active
Person-169,Engineer,Engineering,Person-9,Eng-Team-9,Active
Person-170,Engineer,Engineering,Person-10,Eng-Team-0,Active
Person-171,Engineer,Engineering,Person-11,Eng-Team-1,Active
Person-172,Engineer,Engineering,Person-12,Eng-Team-2,Active
Person-173,Engineer,Engineering,Person-13,Eng-Team-3,Active
Person-174,Engineer,Engineering,Person-14,Eng-Team-4,Active
Person-175,Engineer,Engineering,Person-15,Eng-Team-5,Active
Person-176,Engineer,Engineering,Person-16,Eng-Team-6,Active
Person-177,Engineer,Engineering,Person-17,Eng-Team-7,Active
Person-178,Engineer,Engineering,Person-18,Eng-Team-8,Active
Person-179,Engineer,Engineering,Person-19,Eng-Team-9,Active
Person-180,Engineer,Engineering,Person-20,Eng-Team-0,Active
Person-181,Engineer,Engineering,Person-21,Eng-Team-1,Active
Person-182,Engineer,Engineering,Person-22,Eng-Team-2,Active
Person-183,Engineer,Engineering,Person-23,Eng-Team-3,Active
Person-184,Engineer,Engineering,Person-24,Eng-Team-4,Active
Person-185,Engineer,Engineering,Person-5,Eng-Team-5,Active
Person-186,Engineer,Engineering,Person-6,Eng-Team-6,Active
Person-187,Engineer,Engineering,Person-7,Eng-Team-7,Active
Person-188,Engineer,Engineering,Person-8,Eng-Team-8,Active
Person-189,Engineer,Engineering,Person-9,Eng-Team-9,Active
Person-190,Engineer,Engineering,Person-10,Eng-Team-0,Active
Person-191,Engineer,Engineering,Person-11,Eng-Team-1,Active
Person-192,Engineer,Engineering,Person-12,Eng-Team-2,Active
Person-193,Engineer,Engineering,Person-13,Eng-Team-3,Active
Person-194,Engineer,Engineering,Person-14,Eng-Team-4,Active
Person-195,Engineer,Engineering,Person-15,Eng-Team-5,Active
Person-196,Engineer,Engineering,Person-16,Eng-Team-6,Active
Person-197,Engineer,Engineering,Person-17,Eng-Team-7,Active
Person-198,Engineer,Engineering,Person-18,Eng-Team-8,Active
Person-199,Engineer,Engineering,Person-19,Eng-Team-9,Active
